{
  "_fv": 6,
  "_type": "block",
  "definition": {
    "texture": "clambot",
    "textureTop": "clamtop",
    "textureLeft": "clamside",
    "textureFront": "clamside",
    "textureRight": "clamside",
    "textureBack": "clamside",
    "renderType": 10,
    "customModelName": "Normal",
    "rotationMode": 0,
    "hasTransparency": false,
    "transparencyType": "SOLID",
    "mx": 0.0,
    "my": 0.0,
    "mz": 0.0,
    "Mx": 1.0,
    "My": 1.0,
    "Mz": 1.0,
    "faceShape": "SOLID",
    "name": "Ender Clam",
    "specialInfo": [],
    "hardness": 0.8999999999999999,
    "resistance": 9.5,
    "hasGravity": false,
    "creativeTab": {
      "value": "CUSTOM:Tab"
    },
    "destroyTool": "pickaxe",
    "affectedBySilkTouch": true,
    "customDrop": {
      "value": "Items.ENDER_PEARL"
    },
    "dropAmount": 2,
    "isBeaconBase": false,
    "enchantPowerBonus": 0.0,
    "plantsGrowOn": false,
    "canProvidePower": false,
    "lightOpacity": 255,
    "material": {
      "value": "ROCK"
    },
    "tickRate": 10,
    "tickRandomly": false,
    "isReplaceable": false,
    "colorOnMap": "DEFAULT",
    "creativePickItem": {
      "value": ""
    },
    "flammability": 0,
    "fireSpreadSpeed": 0,
    "isLadder": false,
    "slipperiness": 0.6,
    "reactionToPushing": "NORMAL",
    "isNotColidable": false,
    "soundOnStep": {
      "value": "STONE"
    },
    "luminance": 0.09999999999999999,
    "unbreakable": false,
    "breakHarvestLevel": 1,
    "spawnParticles": false,
    "particleToSpawn": {
      "value": "EXPLOSION_NORMAL"
    },
    "particleSpawningShape": "Spread",
    "particleSpawningRadious": 0.5,
    "particleAmount": 4,
    "particleSpawningCondition": "ALWAYS",
    "hasInventory": false,
    "guiBoundTo": "<NONE>",
    "openGUIOnRightClick": false,
    "inventorySize": 9,
    "inventoryStackSize": 64,
    "inventoryDropWhenDestroyed": true,
    "inventoryComparatorPower": true,
    "inventoryOutSlotIDs": [],
    "spawnWorldTypes": [
      "Surface"
    ],
    "restrictionBiomes": [
      {
        "value": "ocean"
      }
    ],
    "blocksToReplace": [
      {
        "value": "Blocks.WATER"
      },
      {
        "value": "Blocks.SAND#0"
      },
      {
        "value": "Blocks.STONE#0"
      }
    ],
    "frequencyPerChunks": 4,
    "frequencyOnChunk": 1,
    "minGenerateHeight": 25,
    "maxGenerateHeight": 40
  }
}