{
  "_fv": 6,
  "_type": "plant",
  "definition": {
    "renderType": 12,
    "texture": "flax2",
    "customModelName": "Cross model",
    "plantType": "normal",
    "growapableSpawnType": "Plains",
    "growapableMaxHeight": 3,
    "name": "Flax",
    "creativeTab": {
      "value": "CUSTOM:Tab"
    },
    "hardness": 0.30000000000000004,
    "resistance": 0.0,
    "luminance": 0.0,
    "unbreakable": false,
    "soundOnStep": {
      "value": "PLANT"
    },
    "customDrop": {
      "value": "CUSTOM:Fiber"
    },
    "dropAmount": 1,
    "isReplaceable": false,
    "colorOnMap": "GRASS",
    "creativePickItem": {
      "value": ""
    },
    "flammability": 0,
    "fireSpreadSpeed": 0,
    "frequencyOnChunks": 4,
    "spawnWorldTypes": [
      "Surface"
    ],
    "restrictionBiomes": []
  }
}